model,model_display_name,layer,mean_recovery,median_recovery,max_recovery,positive_recovery_rate,mean_normalized_recovery
qwen3_8b,Qwen3-8B,10,0.11588541666666667,0.09375,3.375,0.5,0.6392081510288694
qwen3_8b,Qwen3-8B,11,0.07096354166666667,-0.1875,4.1875,0.4583333333333333,0.6349983215194304
qwen3_8b,Qwen3-8B,1,0.024739583333333332,0.0234375,0.75,0.5416666666666666,0.08291079748300731
qwen3_8b,Qwen3-8B,2,0.0078125,0.0078125,0.71875,0.5,-0.03141667573447876
qwen3_8b,Qwen3-8B,5,-0.018229166666666668,-0.09375,1.96875,0.4166666666666667,0.13536056601651045
qwen3_8b,Qwen3-8B,3,-0.018229166666666668,-0.109375,1.1875,0.4166666666666667,-0.03977860554989888
qwen3_8b,Qwen3-8B,13,-0.041666666666666664,-0.25,2.875,0.4166666666666667,0.016476334938682287
qwen3_8b,Qwen3-8B,0,-0.046875,-0.125,0.625,0.2916666666666667,0.004840631081018351
